id,collection,tokenId,price,paymentToken,timestamp,txHash,datetime
0x4d0af886513dffd7cfdd9ec80a98f39a3080b0c7d85b44ade8bf5be3d7598f9b-84,0x75e46bdc52d4a2064dc8850ee0f52ee93bfe337c,3755,0.00125,0x0000000000000000000000000000000000000000,1743670259,0x4d0af886513dffd7cfdd9ec80a98f39a3080b0c7d85b44ade8bf5be3d7598f9b,2025-04-03 08:50:59
0x6d12e24b00b75d94df1a921a1daaea06697eb2e5c57e42e5b1872fd51924e29d-17,0x75e46bdc52d4a2064dc8850ee0f52ee93bfe337c,927,0.0011,0x0000000000000000000000000000000000000000,1743670199,0x6d12e24b00b75d94df1a921a1daaea06697eb2e5c57e42e5b1872fd51924e29d,2025-04-03 08:49:59
0xe7482497f62c0846543fcb9a0cfab189c783c011970331cc1f2208b247e8e1fd-78,0x75e46bdc52d4a2064dc8850ee0f52ee93bfe337c,1000,0.001325,0x0000000000000000000000000000000000000000,1742805395,0xe7482497f62c0846543fcb9a0cfab189c783c011970331cc1f2208b247e8e1fd,2025-03-24 08:36:35
0xbe4c07566862cde8fb4e5d537da4fb8e35e4f2d731fd7a0a02e9a8201432cd21-37,0x3d049adb773faddef681fbe565466c4f9736a009,7377,0.00025,0x0000000000000000000000000000000000000000,1742793623,0xbe4c07566862cde8fb4e5d537da4fb8e35e4f2d731fd7a0a02e9a8201432cd21,2025-03-24 05:20:23
0x29ffc505b5f59dec0815a3d0202f04597f908346147cc5305225db8d47afea9d-95,0x3d049adb773faddef681fbe565466c4f9736a009,2952,0.00025,0x0000000000000000000000000000000000000000,1742793287,0x29ffc505b5f59dec0815a3d0202f04597f908346147cc5305225db8d47afea9d,2025-03-24 05:14:47
0x874ac53397ffb632f29230a9ff9c0ccb969150cfdd8d88275fa247862ff00f95-145,0x3d049adb773faddef681fbe565466c4f9736a009,1420,0.00025,0x0000000000000000000000000000000000000000,1742793263,0x874ac53397ffb632f29230a9ff9c0ccb969150cfdd8d88275fa247862ff00f95,2025-03-24 05:14:23
0x781b43d16ac81e5461fcf1ac565a863e6c1f7c2c01dbb6a3e8419f7bd604714d-76,0x3d049adb773faddef681fbe565466c4f9736a009,5568,0.00125,0x0000000000000000000000000000000000000000,1742793227,0x781b43d16ac81e5461fcf1ac565a863e6c1f7c2c01dbb6a3e8419f7bd604714d,2025-03-24 05:13:47
0x86324516a974f7153dd4ba0b2af8d91dcf82cb5cf684a969fa9d6bc6126f56bd-84,0x75e46bdc52d4a2064dc8850ee0f52ee93bfe337c,922,0.00125,0x0000000000000000000000000000000000000000,1742528135,0x86324516a974f7153dd4ba0b2af8d91dcf82cb5cf684a969fa9d6bc6126f56bd,2025-03-21 03:35:35
0x8fddf86a8e915feb6e2ccc547c53a95b08acf07950eec37e56d57b71be71b8f2-29,0x3d049adb773faddef681fbe565466c4f9736a009,6967,0.000275,0x0000000000000000000000000000000000000000,1741933799,0x8fddf86a8e915feb6e2ccc547c53a95b08acf07950eec37e56d57b71be71b8f2,2025-03-14 06:29:59
0x0da48e302b02cae4f60ef0101f4c96d94c719089fc46d7525a925b393c4394fa-212,0x3d049adb773faddef681fbe565466c4f9736a009,5795,0.0003,0x0000000000000000000000000000000000000000,1741872623,0x0da48e302b02cae4f60ef0101f4c96d94c719089fc46d7525a925b393c4394fa,2025-03-13 13:30:23
0x8f6900b2d8395e784317111e97e1d3f630dd9cca01beebc45920eceb25581fe0-62,0x3d049adb773faddef681fbe565466c4f9736a009,644,0.0003,0x0000000000000000000000000000000000000000,1741872611,0x8f6900b2d8395e784317111e97e1d3f630dd9cca01beebc45920eceb25581fe0,2025-03-13 13:30:11
0xc884760fd19417463c5662917b36745bee8b18ee4203c73e9e74ac18bbff827d-41,0x75e46bdc52d4a2064dc8850ee0f52ee93bfe337c,6989,0.001125,0x0000000000000000000000000000000000000000,1741833599,0xc884760fd19417463c5662917b36745bee8b18ee4203c73e9e74ac18bbff827d,2025-03-13 02:39:59
0x1878429aacb518ae8731bad29dca46789d7b45adb2b85b68033dbfa728305046-34,0x75e46bdc52d4a2064dc8850ee0f52ee93bfe337c,1944,0.001225,0x0000000000000000000000000000000000000000,1741833575,0x1878429aacb518ae8731bad29dca46789d7b45adb2b85b68033dbfa728305046,2025-03-13 02:39:35
0x97cca82caca338610447bd4b4d9af834df3cb9da0886b794a0d487f9d03cd251-108,0x75e46bdc52d4a2064dc8850ee0f52ee93bfe337c,4565,0.001725,0x0000000000000000000000000000000000000000,1741833539,0x97cca82caca338610447bd4b4d9af834df3cb9da0886b794a0d487f9d03cd251,2025-03-13 02:38:59
0xeae8dd2691c1962953a0c3b04478e5df35fc53c3371d03b914caaaa32ec27a3a-266,0x75e46bdc52d4a2064dc8850ee0f52ee93bfe337c,9766,0.001075,0x0000000000000000000000000000000000000000,1741687367,0xeae8dd2691c1962953a0c3b04478e5df35fc53c3371d03b914caaaa32ec27a3a,2025-03-11 10:02:47
0xee570fce9206111189f5f95b490b84742cb663b0fd2c2e2753d7bb79db4b7acd-80,0x75e46bdc52d4a2064dc8850ee0f52ee93bfe337c,9689,0.001075,0x0000000000000000000000000000000000000000,1741687343,0xee570fce9206111189f5f95b490b84742cb663b0fd2c2e2753d7bb79db4b7acd,2025-03-11 10:02:23
0xfac548d8acc9c55f8652689ea1dec816b5e8e6e0b9646fefb15cbd2a3310acfe-125,0x75e46bdc52d4a2064dc8850ee0f52ee93bfe337c,2341,0.001075,0x0000000000000000000000000000000000000000,1741687295,0xfac548d8acc9c55f8652689ea1dec816b5e8e6e0b9646fefb15cbd2a3310acfe,2025-03-11 10:01:35
0x996ae17e3bff54d043bad997a8f0b155d9599a4407adc201ec0e44e1a452e407-875,0x75e46bdc52d4a2064dc8850ee0f52ee93bfe337c,2942,0.001075,0x0000000000000000000000000000000000000000,1741687259,0x996ae17e3bff54d043bad997a8f0b155d9599a4407adc201ec0e44e1a452e407,2025-03-11 10:00:59
0x9ea9bd72169cc86ae465a953e534d0656e5c359e30f9428ea314114902b3a69e-336,0x75e46bdc52d4a2064dc8850ee0f52ee93bfe337c,7529,0.00105,0x0000000000000000000000000000000000000000,1741687247,0x9ea9bd72169cc86ae465a953e534d0656e5c359e30f9428ea314114902b3a69e,2025-03-11 10:00:47
0xbe9ab145348559d7e769e4b64fb60a997e8db34f78276140a911d1e99fe0070f-119,0x3d049adb773faddef681fbe565466c4f9736a009,367,0.0002,0x0000000000000000000000000000000000000000,1741687223,0xbe9ab145348559d7e769e4b64fb60a997e8db34f78276140a911d1e99fe0070f,2025-03-11 10:00:23
0xdc0a3cc781c0363e0e48f3689fce8358a57db9a952e3c9345d283b04c31f9fd2-135,0x3d049adb773faddef681fbe565466c4f9736a009,9476,0.0002,0x0000000000000000000000000000000000000000,1741687175,0xdc0a3cc781c0363e0e48f3689fce8358a57db9a952e3c9345d283b04c31f9fd2,2025-03-11 09:59:35
0x74977db8b230d667927679d6449173f46aa7c4e710270fd617365d61b3555a44-115,0x3d049adb773faddef681fbe565466c4f9736a009,8354,0.0002,0x0000000000000000000000000000000000000000,1741687151,0x74977db8b230d667927679d6449173f46aa7c4e710270fd617365d61b3555a44,2025-03-11 09:59:11
0x8945934aeed455ad9a685e0cfd95fe26f4c96b7a004e526aeeaacc1438026d50-91,0x3d049adb773faddef681fbe565466c4f9736a009,8371,0.0002,0x0000000000000000000000000000000000000000,1741687139,0x8945934aeed455ad9a685e0cfd95fe26f4c96b7a004e526aeeaacc1438026d50,2025-03-11 09:58:59
0x5985d2a42315005151c06ee2267f3acf60fd2209486815ad19d878b9f2ac1063-90,0x3d049adb773faddef681fbe565466c4f9736a009,9990,0.0002,0x0000000000000000000000000000000000000000,1741687115,0x5985d2a42315005151c06ee2267f3acf60fd2209486815ad19d878b9f2ac1063,2025-03-11 09:58:35
0x9ee982e42a81cf6123136cecce4459ec0d3dcc44157af486dde4b15f2cea8c0f-86,0x3d049adb773faddef681fbe565466c4f9736a009,7931,0.0002,0x0000000000000000000000000000000000000000,1741687079,0x9ee982e42a81cf6123136cecce4459ec0d3dcc44157af486dde4b15f2cea8c0f,2025-03-11 09:57:59
0x8582093916bc1b9e28cc7eb6b7bdf95660fb9ee5647250a3a6d32a4bb0eab0ce-81,0x3d049adb773faddef681fbe565466c4f9736a009,4337,0.0002,0x0000000000000000000000000000000000000000,1741687067,0x8582093916bc1b9e28cc7eb6b7bdf95660fb9ee5647250a3a6d32a4bb0eab0ce,2025-03-11 09:57:47
0x80733f08593cfbcace2d0745126baaf34aaef2b790cf7e5aa3a82e06d082415b-26,0x3d049adb773faddef681fbe565466c4f9736a009,764,0.0002,0x0000000000000000000000000000000000000000,1741687055,0x80733f08593cfbcace2d0745126baaf34aaef2b790cf7e5aa3a82e06d082415b,2025-03-11 09:57:35
0x11a7a8e26c1e750e2d30e9966f98e5494286c261fc051b3b5e43071d84f43b50-152,0x75e46bdc52d4a2064dc8850ee0f52ee93bfe337c,3668,0.00105,0x0000000000000000000000000000000000000000,1741678271,0x11a7a8e26c1e750e2d30e9966f98e5494286c261fc051b3b5e43071d84f43b50,2025-03-11 07:31:11
0xce852335e1c5a3ef2da3a7dfe7b4d40b5ff0154a34bf2b931bb268cc238edd0a-39,0x75e46bdc52d4a2064dc8850ee0f52ee93bfe337c,2151,0.001075,0x0000000000000000000000000000000000000000,1741678151,0xce852335e1c5a3ef2da3a7dfe7b4d40b5ff0154a34bf2b931bb268cc238edd0a,2025-03-11 07:29:11
0xdb2d3e6916d29e62f9f9835fc21437d7881f2f3eb074cbf0de7aff055b4b9ab1-159,0x75e46bdc52d4a2064dc8850ee0f52ee93bfe337c,67,0.001075,0x0000000000000000000000000000000000000000,1741678043,0xdb2d3e6916d29e62f9f9835fc21437d7881f2f3eb074cbf0de7aff055b4b9ab1,2025-03-11 07:27:23
0x28b107925f5adda02b30154d811648928b0a92e7d9972f83b72fb70120c8b388-415,0x75e46bdc52d4a2064dc8850ee0f52ee93bfe337c,6229,0.00105,0x0000000000000000000000000000000000000000,1741677971,0x28b107925f5adda02b30154d811648928b0a92e7d9972f83b72fb70120c8b388,2025-03-11 07:26:11
0xced75041098620f89264371ac0694440d962fe0b292342671e5d96f5a7b8e85f-128,0x75e46bdc52d4a2064dc8850ee0f52ee93bfe337c,1331,0.00105,0x0000000000000000000000000000000000000000,1741677947,0xced75041098620f89264371ac0694440d962fe0b292342671e5d96f5a7b8e85f,2025-03-11 07:25:47
0xdaff2b55c9557594a5c0f17ebefa1818ba805d3d9efd8fc8e38b802d5cea941a-19,0x75e46bdc52d4a2064dc8850ee0f52ee93bfe337c,2766,0.001,0x0000000000000000000000000000000000000000,1741677911,0xdaff2b55c9557594a5c0f17ebefa1818ba805d3d9efd8fc8e38b802d5cea941a,2025-03-11 07:25:11
0x78825e0fbf3e5612b6b9d7c5d60b2b639e0433fb5a91e00c324c5c3ae3cdd9b1-227,0x75e46bdc52d4a2064dc8850ee0f52ee93bfe337c,346,0.000975,0x0000000000000000000000000000000000000000,1741677887,0x78825e0fbf3e5612b6b9d7c5d60b2b639e0433fb5a91e00c324c5c3ae3cdd9b1,2025-03-11 07:24:47
0x0bbf76fec82642486b7ba4a5ec59c598733fbfb7924832aa0bcbe633f33a4eda-14,0x75e46bdc52d4a2064dc8850ee0f52ee93bfe337c,6223,0.000975,0x0000000000000000000000000000000000000000,1741677839,0x0bbf76fec82642486b7ba4a5ec59c598733fbfb7924832aa0bcbe633f33a4eda,2025-03-11 07:23:59
0x624594d0c586a0f65e3b40c28ee9235c5bbcd9858b87e51304a17c4e8391251b-50,0x75e46bdc52d4a2064dc8850ee0f52ee93bfe337c,3914,0.000975,0x0000000000000000000000000000000000000000,1741037159,0x624594d0c586a0f65e3b40c28ee9235c5bbcd9858b87e51304a17c4e8391251b,2025-03-03 21:25:59
0x1e83e25c102919c9e2bc060fff1faa5d46082c132d844346888f69c3aac28d7e-167,0x3d049adb773faddef681fbe565466c4f9736a009,7126,0.000175,0x0000000000000000000000000000000000000000,1739794751,0x1e83e25c102919c9e2bc060fff1faa5d46082c132d844346888f69c3aac28d7e,2025-02-17 12:19:11
0xfe858e369770dbb3159dd207ab5a90aa68c886614ec8a48fcaa1e024568b35e0-23,0x3d049adb773faddef681fbe565466c4f9736a009,9616,0.000175,0x0000000000000000000000000000000000000000,1739794727,0xfe858e369770dbb3159dd207ab5a90aa68c886614ec8a48fcaa1e024568b35e0,2025-02-17 12:18:47
0x72e3ff5ab44163497dd16d03577c716f4c5c619ea42d41fdae93a1307e682601-95,0x3d049adb773faddef681fbe565466c4f9736a009,6267,0.000175,0x0000000000000000000000000000000000000000,1739794667,0x72e3ff5ab44163497dd16d03577c716f4c5c619ea42d41fdae93a1307e682601,2025-02-17 12:17:47
0xe042662d70627437f26078425f8bfebe7680d78732c39a65158c32fa912c70d3-193,0x3d049adb773faddef681fbe565466c4f9736a009,7925,0.000175,0x0000000000000000000000000000000000000000,1739794475,0xe042662d70627437f26078425f8bfebe7680d78732c39a65158c32fa912c70d3,2025-02-17 12:14:35
0x9cacd6ca4f8893988c2d37a6d39a06c7a3360d156ecc5aa996bd1c17ee081d91-46,0x75e46bdc52d4a2064dc8850ee0f52ee93bfe337c,5341,0.001075,0x0000000000000000000000000000000000000000,1739025119,0x9cacd6ca4f8893988c2d37a6d39a06c7a3360d156ecc5aa996bd1c17ee081d91,2025-02-08 14:31:59
0x4969fb2ab3d07815a0b96df9c21b203c4207e6b15ceca206b76c377cc4fc6b72-264,0x75e46bdc52d4a2064dc8850ee0f52ee93bfe337c,3147,0.001075,0x0000000000000000000000000000000000000000,1739025059,0x4969fb2ab3d07815a0b96df9c21b203c4207e6b15ceca206b76c377cc4fc6b72,2025-02-08 14:30:59
0x598dd41df81f5e6b10b9a46269dd32effaf90c5d0b774fe66b96e7d5c48149ec-130,0x75e46bdc52d4a2064dc8850ee0f52ee93bfe337c,4177,0.001,0x0000000000000000000000000000000000000000,1739024999,0x598dd41df81f5e6b10b9a46269dd32effaf90c5d0b774fe66b96e7d5c48149ec,2025-02-08 14:29:59
0x4fc58aee0c3d069f646347ca6e1cb989a529c54a7a8bfb7953ec85141ffd9e49-160,0x75e46bdc52d4a2064dc8850ee0f52ee93bfe337c,5929,0.000975,0x0000000000000000000000000000000000000000,1739024951,0x4fc58aee0c3d069f646347ca6e1cb989a529c54a7a8bfb7953ec85141ffd9e49,2025-02-08 14:29:11
0xbf9a26f95cffe07b611dd9a768718f374a98d95ec976adfca95f767c4d0a5612-152,0x75e46bdc52d4a2064dc8850ee0f52ee93bfe337c,6726,0.0015,0x0000000000000000000000000000000000000000,1739024903,0xbf9a26f95cffe07b611dd9a768718f374a98d95ec976adfca95f767c4d0a5612,2025-02-08 14:28:23
0x8dfe1f861c9c5fe482deef1fff8c34069ecb25e717492e9ddbdd9484b6bf9332-294,0x75e46bdc52d4a2064dc8850ee0f52ee93bfe337c,7529,0.00095,0x0000000000000000000000000000000000000000,1738676603,0x8dfe1f861c9c5fe482deef1fff8c34069ecb25e717492e9ddbdd9484b6bf9332,2025-02-04 13:43:23
0x10fe156d121c305966f5eebef68f8f46084a149f2a78693319548c455aef6bb1-130,0x3d049adb773faddef681fbe565466c4f9736a009,6196,0.0002,0x0000000000000000000000000000000000000000,1738398299,0x10fe156d121c305966f5eebef68f8f46084a149f2a78693319548c455aef6bb1,2025-02-01 08:24:59
0x060f1000e474fdc43ef65bfdb1d4c968cd70e4e2309d05d877dda9d5a1ce9fee-111,0x3d049adb773faddef681fbe565466c4f9736a009,8422,0.0002,0x0000000000000000000000000000000000000000,1738398275,0x060f1000e474fdc43ef65bfdb1d4c968cd70e4e2309d05d877dda9d5a1ce9fee,2025-02-01 08:24:35
0x74e5f4362e3eb13a7409896bbd7104f64588e9d16374871bfb016ea876244767-58,0x3d049adb773faddef681fbe565466c4f9736a009,7978,0.000975,0x0000000000000000000000000000000000000000,1738319255,0x74e5f4362e3eb13a7409896bbd7104f64588e9d16374871bfb016ea876244767,2025-01-31 10:27:35
0x761c5c469db3dcb19d5b3b490be90dd87286914fc08ba1c46e35718ea97809a0-23,0x75e46bdc52d4a2064dc8850ee0f52ee93bfe337c,8142,0.00095,0x0000000000000000000000000000000000000000,1738307303,0x761c5c469db3dcb19d5b3b490be90dd87286914fc08ba1c46e35718ea97809a0,2025-01-31 07:08:23
0xf6dbd4910c14151b6231b498b25c78a7046091f622e971102c739df0b8fb74df-44,0x3d049adb773faddef681fbe565466c4f9736a009,892,0.000225,0x0000000000000000000000000000000000000000,1738225799,0xf6dbd4910c14151b6231b498b25c78a7046091f622e971102c739df0b8fb74df,2025-01-30 08:29:59
0x51c37c1b32f6cce4d32e4059b37059199e98927051aadc18ffa41dcc3289e917-114,0x3d049adb773faddef681fbe565466c4f9736a009,6460,0.000225,0x0000000000000000000000000000000000000000,1738225739,0x51c37c1b32f6cce4d32e4059b37059199e98927051aadc18ffa41dcc3289e917,2025-01-30 08:28:59
0x4a7e9959828da8d0e52ef714cfcd098c6e82bd52c8a5c615a3b2cfb93dc46399-153,0x3d049adb773faddef681fbe565466c4f9736a009,4645,0.000225,0x0000000000000000000000000000000000000000,1738225727,0x4a7e9959828da8d0e52ef714cfcd098c6e82bd52c8a5c615a3b2cfb93dc46399,2025-01-30 08:28:47
0xdf8ab076c94ad288127c905677805878a8c0ed6be979f665197c16fd50d78054-97,0x3d049adb773faddef681fbe565466c4f9736a009,286,0.000225,0x0000000000000000000000000000000000000000,1738225667,0xdf8ab076c94ad288127c905677805878a8c0ed6be979f665197c16fd50d78054,2025-01-30 08:27:47
0x256f958c9069ca40383210f3c680a171b51d5463a45a96d5f6d5ce3ba8871c2f-49,0x3d049adb773faddef681fbe565466c4f9736a009,2061,0.000225,0x0000000000000000000000000000000000000000,1738225631,0x256f958c9069ca40383210f3c680a171b51d5463a45a96d5f6d5ce3ba8871c2f,2025-01-30 08:27:11
0x430c81730ce49fa7cb4b2b2e7a4a2f97c47e74dfd3187298b988c11b912ab9d4-55,0x3d049adb773faddef681fbe565466c4f9736a009,806,0.000225,0x0000000000000000000000000000000000000000,1738225607,0x430c81730ce49fa7cb4b2b2e7a4a2f97c47e74dfd3187298b988c11b912ab9d4,2025-01-30 08:26:47
0xf8c510c076a9387add80807099d2eee11b0040ed7708950f604b92e86d5720e7-71,0x3d049adb773faddef681fbe565466c4f9736a009,5706,0.000225,0x0000000000000000000000000000000000000000,1738225571,0xf8c510c076a9387add80807099d2eee11b0040ed7708950f604b92e86d5720e7,2025-01-30 08:26:11
0x192c0676100772ae630842fa2dce97b937998abc517bafc37af0d478e16bef46-101,0x3d049adb773faddef681fbe565466c4f9736a009,1198,0.000225,0x0000000000000000000000000000000000000000,1738225511,0x192c0676100772ae630842fa2dce97b937998abc517bafc37af0d478e16bef46,2025-01-30 08:25:11
0x2f28102fc9ffcca132bbbabcf188b4a5dd5f820c01225dfcfb2a1a958e3cd299-46,0x3d049adb773faddef681fbe565466c4f9736a009,5599,0.000225,0x0000000000000000000000000000000000000000,1738225499,0x2f28102fc9ffcca132bbbabcf188b4a5dd5f820c01225dfcfb2a1a958e3cd299,2025-01-30 08:24:59
0xb753243ddf3421d257f71f899e0885ac25df7bec1774f6212e34b7aa027b353b-14,0x75e46bdc52d4a2064dc8850ee0f52ee93bfe337c,4920,0.0011,0x0000000000000000000000000000000000000000,1738152539,0xb753243ddf3421d257f71f899e0885ac25df7bec1774f6212e34b7aa027b353b,2025-01-29 12:08:59
0x379ffbe600d52ef72109a6b77383621b603152829d4aa0bf4e9820f0b1c29546-975,0x3d049adb773faddef681fbe565466c4f9736a009,7197,0.00025,0x0000000000000000000000000000000000000000,1738029503,0x379ffbe600d52ef72109a6b77383621b603152829d4aa0bf4e9820f0b1c29546,2025-01-28 01:58:23
0x506b83b99ec7928c4b719453145cb157e783458dd237712a81fc2f38d455f913-156,0x3d049adb773faddef681fbe565466c4f9736a009,9065,0.00025,0x0000000000000000000000000000000000000000,1738029431,0x506b83b99ec7928c4b719453145cb157e783458dd237712a81fc2f38d455f913,2025-01-28 01:57:11
0x00405446a86f66d2fe9672dc194c9cbddfe9e2c0dce78e409d1584a34b821eee-126,0x3d049adb773faddef681fbe565466c4f9736a009,7449,0.00025,0x0000000000000000000000000000000000000000,1738029407,0x00405446a86f66d2fe9672dc194c9cbddfe9e2c0dce78e409d1584a34b821eee,2025-01-28 01:56:47
0x66151197f02bf2d96763d47e582b4f7a354ec314a367f8b04ee290505e0af6c2-183,0x3d049adb773faddef681fbe565466c4f9736a009,6954,0.000225,0x0000000000000000000000000000000000000000,1738029299,0x66151197f02bf2d96763d47e582b4f7a354ec314a367f8b04ee290505e0af6c2,2025-01-28 01:54:59
0xa92909f6683b664d9377e7b7eab25cde190796371a55c130c6d62d05f6355acd-33,0x3d049adb773faddef681fbe565466c4f9736a009,6937,0.000225,0x0000000000000000000000000000000000000000,1738029275,0xa92909f6683b664d9377e7b7eab25cde190796371a55c130c6d62d05f6355acd,2025-01-28 01:54:35
0x15993816c676852f9e34fd27ddd60a73a8899701dacf6cf1f10aa20df6c783c3-326,0x3d049adb773faddef681fbe565466c4f9736a009,6990,0.00025,0x0000000000000000000000000000000000000000,1737951731,0x15993816c676852f9e34fd27ddd60a73a8899701dacf6cf1f10aa20df6c783c3,2025-01-27 04:22:11
0xb6eed747b275efec8601bbd01db64a20778a8ef1828793e6c15cbf409c309486-151,0x3d049adb773faddef681fbe565466c4f9736a009,6939,0.00025,0x0000000000000000000000000000000000000000,1737951719,0xb6eed747b275efec8601bbd01db64a20778a8ef1828793e6c15cbf409c309486,2025-01-27 04:21:59
0xc9437d6179c586caa4de050705b4ed5e881268f7bca715f008686e933ccbc931-380,0x3d049adb773faddef681fbe565466c4f9736a009,6973,0.00025,0x0000000000000000000000000000000000000000,1737946643,0xc9437d6179c586caa4de050705b4ed5e881268f7bca715f008686e933ccbc931,2025-01-27 02:57:23
0x33b04cd3b7890ac24fa5e89c76255709e0231e3d2ed3e17d65b01092af2ef559-149,0x75e46bdc52d4a2064dc8850ee0f52ee93bfe337c,305,0.001125,0x0000000000000000000000000000000000000000,1737946595,0x33b04cd3b7890ac24fa5e89c76255709e0231e3d2ed3e17d65b01092af2ef559,2025-01-27 02:56:35
0x78b4440c32cb13a7227b268a8fccc6706d6de55882675e66aa367dc59e806081-63,0x3d049adb773faddef681fbe565466c4f9736a009,7017,0.00025,0x0000000000000000000000000000000000000000,1737945671,0x78b4440c32cb13a7227b268a8fccc6706d6de55882675e66aa367dc59e806081,2025-01-27 02:41:11
0x1fe9b79f16f5091a6f58583102ed0c9e259a0bf9dcd006454121e40292a9de6f-15,0x3d049adb773faddef681fbe565466c4f9736a009,7000,0.00025,0x0000000000000000000000000000000000000000,1737945587,0x1fe9b79f16f5091a6f58583102ed0c9e259a0bf9dcd006454121e40292a9de6f,2025-01-27 02:39:47
0x00523810119b6c22c4abe4b31713864d95037e8374380ae1e71b71bd62ab774b-150,0x3d049adb773faddef681fbe565466c4f9736a009,3439,0.00025,0x0000000000000000000000000000000000000000,1737945551,0x00523810119b6c22c4abe4b31713864d95037e8374380ae1e71b71bd62ab774b,2025-01-27 02:39:11
0x58d0febe17307a9c810d76a638b77e1fe31bf75af7c43445bf21f01dcb737d42-164,0x3d049adb773faddef681fbe565466c4f9736a009,6984,0.00025,0x0000000000000000000000000000000000000000,1737945515,0x58d0febe17307a9c810d76a638b77e1fe31bf75af7c43445bf21f01dcb737d42,2025-01-27 02:38:35
0x998c623d5b79ec4da95127b8943c8e12efcb239efbe8b6f08d4eef8dc3faf908-115,0x75e46bdc52d4a2064dc8850ee0f52ee93bfe337c,8360,0.0011,0x0000000000000000000000000000000000000000,1737945491,0x998c623d5b79ec4da95127b8943c8e12efcb239efbe8b6f08d4eef8dc3faf908,2025-01-27 02:38:11
0x77e0ded74fecbc05edddf2fc0dbba9e53a67d328af2845352573e1e8e51916f8-148,0x3d049adb773faddef681fbe565466c4f9736a009,8883,0.00025,0x0000000000000000000000000000000000000000,1737945203,0x77e0ded74fecbc05edddf2fc0dbba9e53a67d328af2845352573e1e8e51916f8,2025-01-27 02:33:23
0xde9b05a5e8c2823b32fb8895f7b306dc2fa8b5c455d385a37788c7e62183a395-387,0x3d049adb773faddef681fbe565466c4f9736a009,7005,0.00025,0x0000000000000000000000000000000000000000,1737945179,0xde9b05a5e8c2823b32fb8895f7b306dc2fa8b5c455d385a37788c7e62183a395,2025-01-27 02:32:59
0x3096edb0c3376b0d7a2181696206e1563913a3aa366c34a1b280b5d5ad1cf25e-221,0x3d049adb773faddef681fbe565466c4f9736a009,4066,0.00025,0x0000000000000000000000000000000000000000,1737945143,0x3096edb0c3376b0d7a2181696206e1563913a3aa366c34a1b280b5d5ad1cf25e,2025-01-27 02:32:23
0x98bd1535be19103008af3b174ecc1c13ff642c636e6a3ce11283b18835c81d6b-188,0x3d049adb773faddef681fbe565466c4f9736a009,8784,0.00025,0x0000000000000000000000000000000000000000,1737945071,0x98bd1535be19103008af3b174ecc1c13ff642c636e6a3ce11283b18835c81d6b,2025-01-27 02:31:11
0x14f4cfad0bdb0cc7d9e92ac1105f4db4a4cad2dbc45fdb4d3d115557949ae7e3-80,0x3d049adb773faddef681fbe565466c4f9736a009,6942,0.00025,0x0000000000000000000000000000000000000000,1737945047,0x14f4cfad0bdb0cc7d9e92ac1105f4db4a4cad2dbc45fdb4d3d115557949ae7e3,2025-01-27 02:30:47
0xc130d4836dd15a6b0bf5a1239ae68fcd120bfe1f9c64fab974408527dc36b767-339,0x3d049adb773faddef681fbe565466c4f9736a009,7016,0.000225,0x0000000000000000000000000000000000000000,1737945023,0xc130d4836dd15a6b0bf5a1239ae68fcd120bfe1f9c64fab974408527dc36b767,2025-01-27 02:30:23
0xabc7f45b0cea6d1b67d6345a7dc0ff578572405205dce2a5f19d957fcc06b9e0-72,0x3d049adb773faddef681fbe565466c4f9736a009,6999,0.000225,0x0000000000000000000000000000000000000000,1737891251,0xabc7f45b0cea6d1b67d6345a7dc0ff578572405205dce2a5f19d957fcc06b9e0,2025-01-26 11:34:11
0x353c6b0b412a80a1ed65a52093d3a3ddc6238055e14cfb33a06e7e09ff4413cf-105,0x3d049adb773faddef681fbe565466c4f9736a009,6991,0.00025,0x0000000000000000000000000000000000000000,1737891143,0x353c6b0b412a80a1ed65a52093d3a3ddc6238055e14cfb33a06e7e09ff4413cf,2025-01-26 11:32:23
0x89c69169e31542b6e216e17d89476149c7a8f0034dadaf259583208a36150bfd-114,0x3d049adb773faddef681fbe565466c4f9736a009,6986,0.00025,0x0000000000000000000000000000000000000000,1737891095,0x89c69169e31542b6e216e17d89476149c7a8f0034dadaf259583208a36150bfd,2025-01-26 11:31:35
0x1b707d6e41859e753810cdd419c33c61c66a39d73d40fdf1d55980267adf2b64-85,0x75e46bdc52d4a2064dc8850ee0f52ee93bfe337c,3537,0.001125,0x0000000000000000000000000000000000000000,1737879839,0x1b707d6e41859e753810cdd419c33c61c66a39d73d40fdf1d55980267adf2b64,2025-01-26 08:23:59
0xba677ef545ad0cf0a6416acc0283595713e4f2764bca8cf974b852af455d6b4a-27,0x75e46bdc52d4a2064dc8850ee0f52ee93bfe337c,9690,0.001125,0x0000000000000000000000000000000000000000,1737879779,0xba677ef545ad0cf0a6416acc0283595713e4f2764bca8cf974b852af455d6b4a,2025-01-26 08:22:59
0x7af7944fdb66cfd9b584fdb3d863e15bbfd1960d3fde90770982bc076a795c0b-110,0x3d049adb773faddef681fbe565466c4f9736a009,3255,0.00025,0x0000000000000000000000000000000000000000,1737869183,0x7af7944fdb66cfd9b584fdb3d863e15bbfd1960d3fde90770982bc076a795c0b,2025-01-26 05:26:23
0xe13d2bbf8cfbec2981d94b47d51300202fef1e24c57050ef64cde57fecc0c156-158,0x3d049adb773faddef681fbe565466c4f9736a009,81,0.00025,0x0000000000000000000000000000000000000000,1737869135,0xe13d2bbf8cfbec2981d94b47d51300202fef1e24c57050ef64cde57fecc0c156,2025-01-26 05:25:35
0x87371fbc1f7f8a9981b0dd6ff7ab7fc7f7c05c5a15829432169034e622845e11-80,0x3d049adb773faddef681fbe565466c4f9736a009,2102,0.00025,0x0000000000000000000000000000000000000000,1737868895,0x87371fbc1f7f8a9981b0dd6ff7ab7fc7f7c05c5a15829432169034e622845e11,2025-01-26 05:21:35
0x4611d18a09b886184a6f24d28aee367ccfc30963bce78824b49b0b1cdeed8b56-109,0x3d049adb773faddef681fbe565466c4f9736a009,6988,0.000225,0x0000000000000000000000000000000000000000,1737868859,0x4611d18a09b886184a6f24d28aee367ccfc30963bce78824b49b0b1cdeed8b56,2025-01-26 05:20:59
0x45afecd000651a3d5830560acb793a377cfd7af449932b0c58d50ec386ef4e43-50,0x3d049adb773faddef681fbe565466c4f9736a009,3160,0.00025,0x0000000000000000000000000000000000000000,1737868847,0x45afecd000651a3d5830560acb793a377cfd7af449932b0c58d50ec386ef4e43,2025-01-26 05:20:47
0x667c2c6f0991d6213e9f092433884441ce7caed3decdbd74e0c0655939ca5264-38,0x3d049adb773faddef681fbe565466c4f9736a009,3828,0.00025,0x0000000000000000000000000000000000000000,1737868823,0x667c2c6f0991d6213e9f092433884441ce7caed3decdbd74e0c0655939ca5264,2025-01-26 05:20:23
0x87746291ba464b229a34b43c935a209ba592ba934cc28265217b102d2025e58d-33,0x3d049adb773faddef681fbe565466c4f9736a009,7012,0.00025,0x0000000000000000000000000000000000000000,1737868799,0x87746291ba464b229a34b43c935a209ba592ba934cc28265217b102d2025e58d,2025-01-26 05:19:59
0xa8c9d651e63a64949262b19501d50fe794171cc0f9d14a8e9db4e5e8e556d44b-102,0x75e46bdc52d4a2064dc8850ee0f52ee93bfe337c,4418,0.001025,0x0000000000000000000000000000000000000000,1737812387,0xa8c9d651e63a64949262b19501d50fe794171cc0f9d14a8e9db4e5e8e556d44b,2025-01-25 13:39:47
0x2b07a5a9aa6ea3ef28fac3371b49b8462a4c2e1f343a45db069d5e73ad5e2e18-117,0x75e46bdc52d4a2064dc8850ee0f52ee93bfe337c,751,0.001025,0x0000000000000000000000000000000000000000,1737812351,0x2b07a5a9aa6ea3ef28fac3371b49b8462a4c2e1f343a45db069d5e73ad5e2e18,2025-01-25 13:39:11
0xb61cc19426d42a1ec871ce888d5d11532038b8a7a9008edf944219872316aadc-75,0x75e46bdc52d4a2064dc8850ee0f52ee93bfe337c,7973,0.001,0x0000000000000000000000000000000000000000,1737811991,0xb61cc19426d42a1ec871ce888d5d11532038b8a7a9008edf944219872316aadc,2025-01-25 13:33:11
0x7437eb663b25e782dcb5e7a76ee8f7ca8e6d0f68183b6471fbe73192a890efbc-98,0x75e46bdc52d4a2064dc8850ee0f52ee93bfe337c,6169,0.001,0x0000000000000000000000000000000000000000,1737804395,0x7437eb663b25e782dcb5e7a76ee8f7ca8e6d0f68183b6471fbe73192a890efbc,2025-01-25 11:26:35
0x02c25b4db8569857ad7d9082fac9ef3033f630deaa7061037da7c1eaf9956218-173,0x3d049adb773faddef681fbe565466c4f9736a009,1941,0.0002,0x0000000000000000000000000000000000000000,1737635099,0x02c25b4db8569857ad7d9082fac9ef3033f630deaa7061037da7c1eaf9956218,2025-01-23 12:24:59
0x5dfb02d37c6949f81b736967cea203be8c0511a7e76e390bd62d7ead3fdad44a-236,0x3d049adb773faddef681fbe565466c4f9736a009,7098,0.00025,0x0000000000000000000000000000000000000000,1737628295,0x5dfb02d37c6949f81b736967cea203be8c0511a7e76e390bd62d7ead3fdad44a,2025-01-23 10:31:35
0xd6f3da0bf87a0c5996f56ca9864d46a1ac2bf522ef7eef9c2658fcde8bfafc06-150,0x3d049adb773faddef681fbe565466c4f9736a009,2405,0.0002,0x0000000000000000000000000000000000000000,1737628163,0xd6f3da0bf87a0c5996f56ca9864d46a1ac2bf522ef7eef9c2658fcde8bfafc06,2025-01-23 10:29:23
0xbc241126b6fb6c8313636943d63f83b04700d0d4052b70f3d29ae2fc8c9d19df-91,0x3d049adb773faddef681fbe565466c4f9736a009,6835,0.0002,0x0000000000000000000000000000000000000000,1737628115,0xbc241126b6fb6c8313636943d63f83b04700d0d4052b70f3d29ae2fc8c9d19df,2025-01-23 10:28:35
0x89462339dc52d808a03d4e581c6766cc1f019c7a4299ec9116f83a6b5775f511-54,0x3d049adb773faddef681fbe565466c4f9736a009,4734,0.0002,0x0000000000000000000000000000000000000000,1737628079,0x89462339dc52d808a03d4e581c6766cc1f019c7a4299ec9116f83a6b5775f511,2025-01-23 10:27:59
0x340392b8e1b231b5eaaa920d17bbfa46257901aa7b81d792662131274db34bb4-86,0x3d049adb773faddef681fbe565466c4f9736a009,3876,0.0002,0x0000000000000000000000000000000000000000,1737628043,0x340392b8e1b231b5eaaa920d17bbfa46257901aa7b81d792662131274db34bb4,2025-01-23 10:27:23
0x514c85956d7360f16b24013e0c05923a2b2c1729ee326cf37883ee8be509225b-137,0x75e46bdc52d4a2064dc8850ee0f52ee93bfe337c,5891,0.001025,0x0000000000000000000000000000000000000000,1737620963,0x514c85956d7360f16b24013e0c05923a2b2c1729ee326cf37883ee8be509225b,2025-01-23 08:29:23
0x3638672676bd80c2f62dfd9eb4f99e73300ddb776c3bf9f79438781ee9fbe513-98,0x75e46bdc52d4a2064dc8850ee0f52ee93bfe337c,694,0.001025,0x0000000000000000000000000000000000000000,1737620927,0x3638672676bd80c2f62dfd9eb4f99e73300ddb776c3bf9f79438781ee9fbe513,2025-01-23 08:28:47
0xda5637d7ab30fe3943ca076674a3f5ffee756efd654b22f9f2f3bf2877f32efb-59,0x75e46bdc52d4a2064dc8850ee0f52ee93bfe337c,3202,0.001025,0x0000000000000000000000000000000000000000,1737620903,0xda5637d7ab30fe3943ca076674a3f5ffee756efd654b22f9f2f3bf2877f32efb,2025-01-23 08:28:23
0x27c46e6ba7f035af0d9c9d1cd9d9760255c108c96d8691757abe736c992d3f14-166,0x75e46bdc52d4a2064dc8850ee0f52ee93bfe337c,5497,0.001,0x0000000000000000000000000000000000000000,1737587747,0x27c46e6ba7f035af0d9c9d1cd9d9760255c108c96d8691757abe736c992d3f14,2025-01-22 23:15:47
0x2885d4b4d664513c0738ec92074a3c4e21d1fd7ab1a3a48574f30953aee139a5-44,0x75e46bdc52d4a2064dc8850ee0f52ee93bfe337c,7041,0.001,0x0000000000000000000000000000000000000000,1736852399,0x2885d4b4d664513c0738ec92074a3c4e21d1fd7ab1a3a48574f30953aee139a5,2025-01-14 10:59:59
0xe80071d1cec92e5ab24c966a4e4a098449db9b28f63860a2823584fa008ca8a9-391,0x75e46bdc52d4a2064dc8850ee0f52ee93bfe337c,7184,0.0015,0x0000000000000000000000000000000000000000,1735876019,0xe80071d1cec92e5ab24c966a4e4a098449db9b28f63860a2823584fa008ca8a9,2025-01-03 03:46:59
0x1463af2073d1d22be03973d44f29d37d2f9e860be10dd892e9a90eb02cd58fc0-261,0x75e46bdc52d4a2064dc8850ee0f52ee93bfe337c,5946,0.000875,0x0000000000000000000000000000000000000000,1735629491,0x1463af2073d1d22be03973d44f29d37d2f9e860be10dd892e9a90eb02cd58fc0,2024-12-31 07:18:11
0x07269021823fc32a0719b95ee55e04cab3669360311f51b63adf9eee618b7dc4-132,0x75e46bdc52d4a2064dc8850ee0f52ee93bfe337c,7253,0.0012,0x0000000000000000000000000000000000000000,1735439015,0x07269021823fc32a0719b95ee55e04cab3669360311f51b63adf9eee618b7dc4,2024-12-29 02:23:35
0x03045f537f59ffc894746dbfe4e35490c35306dfc7343b5c22afa16ecf43757c-19,0x75e46bdc52d4a2064dc8850ee0f52ee93bfe337c,9110,0.001225,0x0000000000000000000000000000000000000000,1735434995,0x03045f537f59ffc894746dbfe4e35490c35306dfc7343b5c22afa16ecf43757c,2024-12-29 01:16:35
0x1937a894f01f5b6a7c88083b64588ee819f9462260a98e6a6359d4d33a30b36d-51,0x75e46bdc52d4a2064dc8850ee0f52ee93bfe337c,9562,0.0012,0x0000000000000000000000000000000000000000,1735351955,0x1937a894f01f5b6a7c88083b64588ee819f9462260a98e6a6359d4d33a30b36d,2024-12-28 02:12:35
0x9e1eeade587231a1fe85ee20ae2562a85a223cf5465edef17fde5ad23850051c-80,0x75e46bdc52d4a2064dc8850ee0f52ee93bfe337c,1150,0.001225,0x0000000000000000000000000000000000000000,1735187723,0x9e1eeade587231a1fe85ee20ae2562a85a223cf5465edef17fde5ad23850051c,2024-12-26 04:35:23
0x6212099d23658b2de1fa0275065d3917d1ec0948348dc24b17e5251358ddeeaf-24,0x3d049adb773faddef681fbe565466c4f9736a009,8947,0.00025,0x0000000000000000000000000000000000000000,1735181555,0x6212099d23658b2de1fa0275065d3917d1ec0948348dc24b17e5251358ddeeaf,2024-12-26 02:52:35
0x13e2212b1a7d74e61d045de5a7c0ca54993c6d492662fc558b84d79dd6d7cc5a-587,0x75e46bdc52d4a2064dc8850ee0f52ee93bfe337c,9342,0.0012,0x0000000000000000000000000000000000000000,1735087139,0x13e2212b1a7d74e61d045de5a7c0ca54993c6d492662fc558b84d79dd6d7cc5a,2024-12-25 00:38:59
0xaef081a85435f52b1a7a7296acc320bf9b765c5b74df550af86458f89c1b29f0-195,0x75e46bdc52d4a2064dc8850ee0f52ee93bfe337c,7962,0.001175,0x0000000000000000000000000000000000000000,1735005731,0xaef081a85435f52b1a7a7296acc320bf9b765c5b74df550af86458f89c1b29f0,2024-12-24 02:02:11
0x9217d2703ad858e74fbca4887704b7c57651452fcd10d37f2b9769090e5b8c8f-52,0x75e46bdc52d4a2064dc8850ee0f52ee93bfe337c,9630,0.001175,0x0000000000000000000000000000000000000000,1734913859,0x9217d2703ad858e74fbca4887704b7c57651452fcd10d37f2b9769090e5b8c8f,2024-12-23 00:30:59
0x40a2d466a2037429b7f40781913900f7ea4807ac1816b20cd65c825350328871-175,0x75e46bdc52d4a2064dc8850ee0f52ee93bfe337c,6813,0.00115,0x0000000000000000000000000000000000000000,1734834071,0x40a2d466a2037429b7f40781913900f7ea4807ac1816b20cd65c825350328871,2024-12-22 02:21:11
0x17223cc7f7fd7a38a4833edfc0787648d306dd74e47b426502f6c1b4c80cb518-8,0x75e46bdc52d4a2064dc8850ee0f52ee93bfe337c,7776,0.0012,0x0000000000000000000000000000000000000000,1734742883,0x17223cc7f7fd7a38a4833edfc0787648d306dd74e47b426502f6c1b4c80cb518,2024-12-21 01:01:23
0x583b3b14ca1e7fd859d115c8e7bc7fc0b8623440a8ccd3a18c383bbb8e4660d3-242,0x3d049adb773faddef681fbe565466c4f9736a009,6750,0.000225,0x0000000000000000000000000000000000000000,1734668651,0x583b3b14ca1e7fd859d115c8e7bc7fc0b8623440a8ccd3a18c383bbb8e4660d3,2024-12-20 04:24:11
0xd0fcf79f2e817f29215e05d8a5f49b3a35e9226eaad3c020dafa11a78155c7ca-167,0x75e46bdc52d4a2064dc8850ee0f52ee93bfe337c,3909,0.00125,0x0000000000000000000000000000000000000000,1734657611,0xd0fcf79f2e817f29215e05d8a5f49b3a35e9226eaad3c020dafa11a78155c7ca,2024-12-20 01:20:11
0x482f1a66e3a769fc73bc144a45f05a76c764d02b2c052754405f3d29cc957a4a-274,0x75e46bdc52d4a2064dc8850ee0f52ee93bfe337c,603,0.00125,0x0000000000000000000000000000000000000000,1734657059,0x482f1a66e3a769fc73bc144a45f05a76c764d02b2c052754405f3d29cc957a4a,2024-12-20 01:10:59
0x1139678dba7d3b878ccb7bc96c3040d6436bdff56d391cb5d29135ed93738a4b-63,0x75e46bdc52d4a2064dc8850ee0f52ee93bfe337c,7728,0.00125,0x0000000000000000000000000000000000000000,1734656999,0x1139678dba7d3b878ccb7bc96c3040d6436bdff56d391cb5d29135ed93738a4b,2024-12-20 01:09:59
0x02b156ca845bf61cf30c3aee9b3a6a5df3226f386c04ed04769631ad74908b61-46,0x75e46bdc52d4a2064dc8850ee0f52ee93bfe337c,8498,0.001225,0x0000000000000000000000000000000000000000,1734610043,0x02b156ca845bf61cf30c3aee9b3a6a5df3226f386c04ed04769631ad74908b61,2024-12-19 12:07:23
0x71a9d8b0ea4a15073dfa35ec27ce971cba21337ea30877407391db6de791f12a-146,0x75e46bdc52d4a2064dc8850ee0f52ee93bfe337c,8347,0.0012,0x0000000000000000000000000000000000000000,1734609971,0x71a9d8b0ea4a15073dfa35ec27ce971cba21337ea30877407391db6de791f12a,2024-12-19 12:06:11
0x8a36ac0de5fbd475b36f894f995245e897059f1003b77ee7ae8ce4fa16da51a7-130,0x75e46bdc52d4a2064dc8850ee0f52ee93bfe337c,8226,0.001175,0x0000000000000000000000000000000000000000,1734603155,0x8a36ac0de5fbd475b36f894f995245e897059f1003b77ee7ae8ce4fa16da51a7,2024-12-19 10:12:35
0x8c4c04e01d8b7bb3b010c7d4fe002a2eeafb762949f621f0c877286e7f2fe1bb-4,0x75e46bdc52d4a2064dc8850ee0f52ee93bfe337c,8496,0.001125,0x0000000000000000000000000000000000000000,1734581039,0x8c4c04e01d8b7bb3b010c7d4fe002a2eeafb762949f621f0c877286e7f2fe1bb,2024-12-19 04:03:59
0x525dccfd56ce7c20d817fdfcec4d3fbdd26b74ba35a4da3bbd9e5c6e35ceb38e-263,0x75e46bdc52d4a2064dc8850ee0f52ee93bfe337c,4848,0.001125,0x0000000000000000000000000000000000000000,1734501827,0x525dccfd56ce7c20d817fdfcec4d3fbdd26b74ba35a4da3bbd9e5c6e35ceb38e,2024-12-18 06:03:47
0x9dd38fb0d81b0ba6f0effa6f313bc3bcfd69a53171eaf0fa8e8d08f77ac653b3-69,0x75e46bdc52d4a2064dc8850ee0f52ee93bfe337c,8884,0.0012,0x0000000000000000000000000000000000000000,1734486239,0x9dd38fb0d81b0ba6f0effa6f313bc3bcfd69a53171eaf0fa8e8d08f77ac653b3,2024-12-18 01:43:59
0x93e2216059205246f66b9c597157963c37f49506f666bb2630791e850cd879b5-231,0x3d049adb773faddef681fbe565466c4f9736a009,711,0.00025,0x0000000000000000000000000000000000000000,1734414983,0x93e2216059205246f66b9c597157963c37f49506f666bb2630791e850cd879b5,2024-12-17 05:56:23
0xf03b64b9cb73bef4d263c926ec81576670dac48a154186185dee5677184c2c7a-67,0x3d049adb773faddef681fbe565466c4f9736a009,175,0.000225,0x0000000000000000000000000000000000000000,1734414935,0xf03b64b9cb73bef4d263c926ec81576670dac48a154186185dee5677184c2c7a,2024-12-17 05:55:35
0x617de22d5aba4beab15f3f177949fb64ab346f23938c7db601044db6e634a773-83,0x75e46bdc52d4a2064dc8850ee0f52ee93bfe337c,6365,0.00125,0x0000000000000000000000000000000000000000,1734414875,0x617de22d5aba4beab15f3f177949fb64ab346f23938c7db601044db6e634a773,2024-12-17 05:54:35
0xa14e32a6578acf0ef9506bd541dcd59839989bdb39b1ce0edca64133da621947-149,0x75e46bdc52d4a2064dc8850ee0f52ee93bfe337c,7438,0.00125,0x0000000000000000000000000000000000000000,1734414839,0xa14e32a6578acf0ef9506bd541dcd59839989bdb39b1ce0edca64133da621947,2024-12-17 05:53:59
0x24db5dff6a7c3637703f1faf2df7be0a9016b546a68986ae073daf231c864cb0-299,0x75e46bdc52d4a2064dc8850ee0f52ee93bfe337c,7387,0.001175,0x0000000000000000000000000000000000000000,1734414791,0x24db5dff6a7c3637703f1faf2df7be0a9016b546a68986ae073daf231c864cb0,2024-12-17 05:53:11
0x4cb929e9a659879e079ed11af365334e266db30a4a01da9c50a9787b418e33ef-115,0x75e46bdc52d4a2064dc8850ee0f52ee93bfe337c,4847,0.001175,0x0000000000000000000000000000000000000000,1734414767,0x4cb929e9a659879e079ed11af365334e266db30a4a01da9c50a9787b418e33ef,2024-12-17 05:52:47
0xd7421efa1313aecc04ad896c7067b22b7263d93d9de8e74d4c0b680603643eba-251,0x75e46bdc52d4a2064dc8850ee0f52ee93bfe337c,5056,0.001175,0x0000000000000000000000000000000000000000,1734414743,0xd7421efa1313aecc04ad896c7067b22b7263d93d9de8e74d4c0b680603643eba,2024-12-17 05:52:23
0x81274614290e65c48589f6c0aea38fe275d9b2d3aa77d5eebe4e83067fb24463-21,0x75e46bdc52d4a2064dc8850ee0f52ee93bfe337c,4849,0.001175,0x0000000000000000000000000000000000000000,1734414719,0x81274614290e65c48589f6c0aea38fe275d9b2d3aa77d5eebe4e83067fb24463,2024-12-17 05:51:59
0x4dafb726181b94e0eb30fcc6bb6898625b23578eb18d6f50032442dbaaa254e5-126,0x75e46bdc52d4a2064dc8850ee0f52ee93bfe337c,4629,0.001175,0x0000000000000000000000000000000000000000,1734414695,0x4dafb726181b94e0eb30fcc6bb6898625b23578eb18d6f50032442dbaaa254e5,2024-12-17 05:51:35
0x76cf04038ba6a03bb2999387ec61975638babbdf57320ccdb0412ea7f86da080-280,0x75e46bdc52d4a2064dc8850ee0f52ee93bfe337c,2049,0.001075,0x0000000000000000000000000000000000000000,1734361223,0x76cf04038ba6a03bb2999387ec61975638babbdf57320ccdb0412ea7f86da080,2024-12-16 15:00:23
0x70c44a8540d8183f0614ddc6f2e24caee78d27e8ee867f1287f18a4b2b3a2ba7-296,0x75e46bdc52d4a2064dc8850ee0f52ee93bfe337c,2343,0.000825,0x0000000000000000000000000000000000000000,1734317855,0x70c44a8540d8183f0614ddc6f2e24caee78d27e8ee867f1287f18a4b2b3a2ba7,2024-12-16 02:57:35
0xfe3377055fe56190fbc93849a9fb792a7f24c9077b7b697695dcde82ba6abbe1-59,0x75e46bdc52d4a2064dc8850ee0f52ee93bfe337c,9604,0.00105,0x0000000000000000000000000000000000000000,1734279035,0xfe3377055fe56190fbc93849a9fb792a7f24c9077b7b697695dcde82ba6abbe1,2024-12-15 16:10:35
0x9a2634c4ee53a4fa5d044cbc676004695c5d1f808ca694d9ca2e5aa48b2b827e-60,0x75e46bdc52d4a2064dc8850ee0f52ee93bfe337c,9118,0.00105,0x0000000000000000000000000000000000000000,1734275423,0x9a2634c4ee53a4fa5d044cbc676004695c5d1f808ca694d9ca2e5aa48b2b827e,2024-12-15 15:10:23
0x5abf103a2d73332bcdf0e30bf20fcb45b9c3ee29dd20a103c285e07514042489-271,0x3d049adb773faddef681fbe565466c4f9736a009,8048,0.000175,0x0000000000000000000000000000000000000000,1734235655,0x5abf103a2d73332bcdf0e30bf20fcb45b9c3ee29dd20a103c285e07514042489,2024-12-15 04:07:35
0x86674a1d2b2c2454250226f4907faf47b01cb2b0d80615fc363eef0e088afe44-277,0x75e46bdc52d4a2064dc8850ee0f52ee93bfe337c,1394,0.00105,0x0000000000000000000000000000000000000000,1734189635,0x86674a1d2b2c2454250226f4907faf47b01cb2b0d80615fc363eef0e088afe44,2024-12-14 15:20:35
0x5c10051d4c7524a2d0c9ceb9cc0822ecb4b2e62cb624296d5c2f9eab3b1ccae9-109,0x75e46bdc52d4a2064dc8850ee0f52ee93bfe337c,1025,0.00105,0x0000000000000000000000000000000000000000,1734189059,0x5c10051d4c7524a2d0c9ceb9cc0822ecb4b2e62cb624296d5c2f9eab3b1ccae9,2024-12-14 15:10:59
0x4a13ec5a7dddc9c5e6a800431e86ba40171f0fe208ca87d904b9d22b1a3cdeef-101,0x75e46bdc52d4a2064dc8850ee0f52ee93bfe337c,5790,0.00105,0x0000000000000000000000000000000000000000,1734143339,0x4a13ec5a7dddc9c5e6a800431e86ba40171f0fe208ca87d904b9d22b1a3cdeef,2024-12-14 02:28:59
0x77a46969f8068c64ab0222ae2bdbb7a5c4709838a7c8ade29427ded68a01f3e1-329,0x75e46bdc52d4a2064dc8850ee0f52ee93bfe337c,9782,0.0011,0x0000000000000000000000000000000000000000,1734142283,0x77a46969f8068c64ab0222ae2bdbb7a5c4709838a7c8ade29427ded68a01f3e1,2024-12-14 02:11:23
0x543eb6f8807eadc5d7f175bd4cc6d862b3ead9488ee3bffb60401fcf3bf8fb06-263,0x75e46bdc52d4a2064dc8850ee0f52ee93bfe337c,5331,0.0011,0x0000000000000000000000000000000000000000,1734142163,0x543eb6f8807eadc5d7f175bd4cc6d862b3ead9488ee3bffb60401fcf3bf8fb06,2024-12-14 02:09:23
0x5f3df0d2ac5719843c90a3b06758e5ea43154e36a42a7ca503c9688dc9222d52-605,0x3d049adb773faddef681fbe565466c4f9736a009,2180,0.0015,0x0000000000000000000000000000000000000000,1733662967,0x5f3df0d2ac5719843c90a3b06758e5ea43154e36a42a7ca503c9688dc9222d52,2024-12-08 13:02:47
0xefd1fc316e8d4f07b3e84bf9d2aceefb47836bb33ebdcffeca01b4863ea88b75-108,0x3d049adb773faddef681fbe565466c4f9736a009,4113,0.000225,0x0000000000000000000000000000000000000000,1733622479,0xefd1fc316e8d4f07b3e84bf9d2aceefb47836bb33ebdcffeca01b4863ea88b75,2024-12-08 01:47:59
0x36f4f2b677c45d26fb57a60e81b3c8453629dfcd76ec4e5444f5f615a7aed45b-262,0x3d049adb773faddef681fbe565466c4f9736a009,6679,0.00025,0x0000000000000000000000000000000000000000,1733622443,0x36f4f2b677c45d26fb57a60e81b3c8453629dfcd76ec4e5444f5f615a7aed45b,2024-12-08 01:47:23
0x09367621c0077cb9cdf2464d8a7d1214ae69cb92bc62edf4ff7f03cb937ad54b-339,0x3d049adb773faddef681fbe565466c4f9736a009,3174,0.000175,0x0000000000000000000000000000000000000000,1733619143,0x09367621c0077cb9cdf2464d8a7d1214ae69cb92bc62edf4ff7f03cb937ad54b,2024-12-08 00:52:23
0xc12082125705b3ce9c30eeae8f5465167e044a17782b27b113d8e352c50f618b-238,0x3d049adb773faddef681fbe565466c4f9736a009,5910,0.000175,0x0000000000000000000000000000000000000000,1733619107,0xc12082125705b3ce9c30eeae8f5465167e044a17782b27b113d8e352c50f618b,2024-12-08 00:51:47
0xe8eb3568c77d3abd53049accd97516775af0ae38fb6d43599be6c6480aaec88b-169,0x75e46bdc52d4a2064dc8850ee0f52ee93bfe337c,5768,0.001175,0x0000000000000000000000000000000000000000,1733289059,0xe8eb3568c77d3abd53049accd97516775af0ae38fb6d43599be6c6480aaec88b,2024-12-04 05:10:59
0xd98227970a51a91143af3864d91b49f550a02a9a4eb00b9473901f460c0fc45e-222,0x75e46bdc52d4a2064dc8850ee0f52ee93bfe337c,5265,0.001125,0x0000000000000000000000000000000000000000,1733288975,0xd98227970a51a91143af3864d91b49f550a02a9a4eb00b9473901f460c0fc45e,2024-12-04 05:09:35
0x7223f20151419a626891796388a17e7d9512d141ba2275501f2ccc6ac9838066-174,0x75e46bdc52d4a2064dc8850ee0f52ee93bfe337c,7041,0.0011,0x0000000000000000000000000000000000000000,1733288915,0x7223f20151419a626891796388a17e7d9512d141ba2275501f2ccc6ac9838066,2024-12-04 05:08:35
0xd2b65e864c4144df2339e344eb9d1d1e187964bf7e644f5bdfbbdbd3fb64f2f5-182,0x75e46bdc52d4a2064dc8850ee0f52ee93bfe337c,7037,0.001075,0x0000000000000000000000000000000000000000,1733288843,0xd2b65e864c4144df2339e344eb9d1d1e187964bf7e644f5bdfbbdbd3fb64f2f5,2024-12-04 05:07:23
0x6cec959db9e4f65acc90578cbecb14bbbaa4a0b0d4e2c422a74584d7eebf0c71-428,0x75e46bdc52d4a2064dc8850ee0f52ee93bfe337c,1687,0.00105,0x0000000000000000000000000000000000000000,1733288111,0x6cec959db9e4f65acc90578cbecb14bbbaa4a0b0d4e2c422a74584d7eebf0c71,2024-12-04 04:55:11
0xeb8d0315be87f4832c9ee9fb890cc784ef1cb4f22605bc3b67af66a19fd46ce3-155,0x75e46bdc52d4a2064dc8850ee0f52ee93bfe337c,3824,0.001025,0x0000000000000000000000000000000000000000,1733288015,0xeb8d0315be87f4832c9ee9fb890cc784ef1cb4f22605bc3b67af66a19fd46ce3,2024-12-04 04:53:35
0xcbce0431d904a92f393a17f8cde97125248612356257590686a9896141677129-186,0x75e46bdc52d4a2064dc8850ee0f52ee93bfe337c,1190,0.001,0x0000000000000000000000000000000000000000,1733287955,0xcbce0431d904a92f393a17f8cde97125248612356257590686a9896141677129,2024-12-04 04:52:35
0xa9fe368f66f5d43d98d5b65211f8f4b69abfb7ea1925b469feae283f3552572f-268,0x75e46bdc52d4a2064dc8850ee0f52ee93bfe337c,5266,0.000975,0x0000000000000000000000000000000000000000,1733287883,0xa9fe368f66f5d43d98d5b65211f8f4b69abfb7ea1925b469feae283f3552572f,2024-12-04 04:51:23
0xd89aeeddcb18cc6495cfa69d1541650992db0680de929db50e908b1ce6c20257-228,0x75e46bdc52d4a2064dc8850ee0f52ee93bfe337c,7039,0.00095,0x0000000000000000000000000000000000000000,1733284367,0xd89aeeddcb18cc6495cfa69d1541650992db0680de929db50e908b1ce6c20257,2024-12-04 03:52:47
0xb3b5daf42c4c64da3ba3dc9ba0ddbb5c2b4f90e707fd3b724a1adeaa9c9ad158-383,0x75e46bdc52d4a2064dc8850ee0f52ee93bfe337c,8514,0.0012,0x0000000000000000000000000000000000000000,1732873259,0xb3b5daf42c4c64da3ba3dc9ba0ddbb5c2b4f90e707fd3b724a1adeaa9c9ad158,2024-11-29 09:40:59
0x816630193f78f8f41aeb46b8dfa5dad5fa76cc8606c30ae14b984899b22d6dec-223,0x75e46bdc52d4a2064dc8850ee0f52ee93bfe337c,4769,0.001125,0x0000000000000000000000000000000000000000,1732860875,0x816630193f78f8f41aeb46b8dfa5dad5fa76cc8606c30ae14b984899b22d6dec,2024-11-29 06:14:35
0x1102129f1bd7997ff2f3444de913e24635092d10018d08a80aa5ea412de69107-200,0x75e46bdc52d4a2064dc8850ee0f52ee93bfe337c,6243,0.001125,0x0000000000000000000000000000000000000000,1732760579,0x1102129f1bd7997ff2f3444de913e24635092d10018d08a80aa5ea412de69107,2024-11-28 02:22:59
0x26ad2ef1807437c985c6282d686b9b5a9f961e8ffa44eee150de3046d790c307-274,0x75e46bdc52d4a2064dc8850ee0f52ee93bfe337c,2292,0.00105,0x0000000000000000000000000000000000000000,1732494851,0x26ad2ef1807437c985c6282d686b9b5a9f961e8ffa44eee150de3046d790c307,2024-11-25 00:34:11
0x115d258078678a8437f5301c0c04ad4b4d1bc5e6eb4df8436b40dcc69d9aaa63-180,0x75e46bdc52d4a2064dc8850ee0f52ee93bfe337c,4084,0.001125,0x0000000000000000000000000000000000000000,1732362299,0x115d258078678a8437f5301c0c04ad4b4d1bc5e6eb4df8436b40dcc69d9aaa63,2024-11-23 11:44:59
0xa2b4f4f010bd4cd51683d7cc08a770beb75ee5f11970eba582ec1fc226a652d4-67,0x75e46bdc52d4a2064dc8850ee0f52ee93bfe337c,5993,0.002125,0x0000000000000000000000000000000000000000,1732179803,0xa2b4f4f010bd4cd51683d7cc08a770beb75ee5f11970eba582ec1fc226a652d4,2024-11-21 09:03:23
0x1e043f4d42100315de0a49c36776e70068d9eff862402aed1ab3746edd2175d2-413,0x75e46bdc52d4a2064dc8850ee0f52ee93bfe337c,4368,0.001225,0x0000000000000000000000000000000000000000,1732179755,0x1e043f4d42100315de0a49c36776e70068d9eff862402aed1ab3746edd2175d2,2024-11-21 09:02:35
0x43df56dfed19baf4ac8ee4ed222ffc6d36a34d019fea9b55c119faba279f3c58-107,0x75e46bdc52d4a2064dc8850ee0f52ee93bfe337c,2127,0.001225,0x0000000000000000000000000000000000000000,1732175999,0x43df56dfed19baf4ac8ee4ed222ffc6d36a34d019fea9b55c119faba279f3c58,2024-11-21 07:59:59
0x040936646acd75da50124523ed29cea7a24004952ea6988d851b0e9098d5c7a1-186,0x75e46bdc52d4a2064dc8850ee0f52ee93bfe337c,2302,0.001225,0x0000000000000000000000000000000000000000,1731919535,0x040936646acd75da50124523ed29cea7a24004952ea6988d851b0e9098d5c7a1,2024-11-18 08:45:35
0x4d5f2d3222cef5a469286758104d2f944cafdd13d8d35abada96e4e291178de4-139,0x75e46bdc52d4a2064dc8850ee0f52ee93bfe337c,2644,0.00115,0x0000000000000000000000000000000000000000,1731905351,0x4d5f2d3222cef5a469286758104d2f944cafdd13d8d35abada96e4e291178de4,2024-11-18 04:49:11
0x700b0608e633b9a7495f047992e3c1e66f8be448e1908e5ec897d716987f15d4-93,0x75e46bdc52d4a2064dc8850ee0f52ee93bfe337c,9002,0.00115,0x0000000000000000000000000000000000000000,1731905315,0x700b0608e633b9a7495f047992e3c1e66f8be448e1908e5ec897d716987f15d4,2024-11-18 04:48:35
0xf4cf77aa5911ab8f5c77abefa436ab396e5971b077b99960fca6d21305b4b530-214,0x75e46bdc52d4a2064dc8850ee0f52ee93bfe337c,7774,0.001125,0x0000000000000000000000000000000000000000,1731905291,0xf4cf77aa5911ab8f5c77abefa436ab396e5971b077b99960fca6d21305b4b530,2024-11-18 04:48:11
0x5fd4aef7968e1ee3a8625c068e48149aecb53272c01b61e8c392a9c52728ae3e-200,0x75e46bdc52d4a2064dc8850ee0f52ee93bfe337c,2468,0.0011,0x0000000000000000000000000000000000000000,1731905267,0x5fd4aef7968e1ee3a8625c068e48149aecb53272c01b61e8c392a9c52728ae3e,2024-11-18 04:47:47
0xf7a353da82ff06521697a8a267dbbae8dc29339bafa6fea7cb61ac429157113e-147,0x75e46bdc52d4a2064dc8850ee0f52ee93bfe337c,2581,0.0011,0x0000000000000000000000000000000000000000,1731905243,0xf7a353da82ff06521697a8a267dbbae8dc29339bafa6fea7cb61ac429157113e,2024-11-18 04:47:23
0xaddfee61956d9a1cde31f757c273e2044b6512fc2fdfd0df0e31e1adbd7c4326-118,0x75e46bdc52d4a2064dc8850ee0f52ee93bfe337c,633,0.0011,0x0000000000000000000000000000000000000000,1731905219,0xaddfee61956d9a1cde31f757c273e2044b6512fc2fdfd0df0e31e1adbd7c4326,2024-11-18 04:46:59
0xdb27a7a34a6573f81a53407bc40ba3c773b2ae458e39b4a682777d1feb6c51ae-120,0x3d049adb773faddef681fbe565466c4f9736a009,1978,0.0005,0x0000000000000000000000000000000000000000,1731757679,0xdb27a7a34a6573f81a53407bc40ba3c773b2ae458e39b4a682777d1feb6c51ae,2024-11-16 11:47:59
0xfc77e294e07c1e5a0f9cfbbd113d4464b2a48a704b96b16542ca9f3131a70e13-330,0x75e46bdc52d4a2064dc8850ee0f52ee93bfe337c,8950,0.00175,0x0000000000000000000000000000000000000000,1731757631,0xfc77e294e07c1e5a0f9cfbbd113d4464b2a48a704b96b16542ca9f3131a70e13,2024-11-16 11:47:11
0x097b4ca4b826b11ae87a7dbdd7168eb820f660eaf75372022ce53d439cca91b3-281,0x75e46bdc52d4a2064dc8850ee0f52ee93bfe337c,1808,0.00175,0x0000000000000000000000000000000000000000,1731757595,0x097b4ca4b826b11ae87a7dbdd7168eb820f660eaf75372022ce53d439cca91b3,2024-11-16 11:46:35
0xc3ba172954c73ab9b8ab067834eff54698e9c26a0d888b67132391a53a625bc3-147,0x3d049adb773faddef681fbe565466c4f9736a009,5901,0.00025,0x0000000000000000000000000000000000000000,1731041675,0xc3ba172954c73ab9b8ab067834eff54698e9c26a0d888b67132391a53a625bc3,2024-11-08 04:54:35
0x12a5a7ae4a2061024865076573506cf53cf61e0485857983d72923eff680e914-240,0x3d049adb773faddef681fbe565466c4f9736a009,4212,0.00025,0x0000000000000000000000000000000000000000,1731041615,0x12a5a7ae4a2061024865076573506cf53cf61e0485857983d72923eff680e914,2024-11-08 04:53:35
0x94965e337403198dbde174ce2444ac8a3a6605152c7ccd57d5046127781c2b5c-348,0x3d049adb773faddef681fbe565466c4f9736a009,1405,0.00025,0x0000000000000000000000000000000000000000,1731041603,0x94965e337403198dbde174ce2444ac8a3a6605152c7ccd57d5046127781c2b5c,2024-11-08 04:53:23
0x40567a58f12c716fefebf3640bcc64f499ee7a5b71d3648e83030121cc52847a-436,0x3d049adb773faddef681fbe565466c4f9736a009,4590,0.00025,0x0000000000000000000000000000000000000000,1731041579,0x40567a58f12c716fefebf3640bcc64f499ee7a5b71d3648e83030121cc52847a,2024-11-08 04:52:59
0xdeea0ef905957561e4d19615106b5089bc8b937092d02dc235a1eaa6d959fd70-259,0x75e46bdc52d4a2064dc8850ee0f52ee93bfe337c,8949,0.00175,0x0000000000000000000000000000000000000000,1731026783,0xdeea0ef905957561e4d19615106b5089bc8b937092d02dc235a1eaa6d959fd70,2024-11-08 00:46:23
0xb64a8dd447343c13ddfdc50baf35cc7cd8c1f608802ea9d57b362079eecec75a-240,0x75e46bdc52d4a2064dc8850ee0f52ee93bfe337c,9165,0.00125,0x0000000000000000000000000000000000000000,1730849951,0xb64a8dd447343c13ddfdc50baf35cc7cd8c1f608802ea9d57b362079eecec75a,2024-11-05 23:39:11
0xcd4b2e158818a13392ee82c831c3d64820b4d6925411939429762b563f961124-144,0x75e46bdc52d4a2064dc8850ee0f52ee93bfe337c,6718,0.00125,0x0000000000000000000000000000000000000000,1730849927,0xcd4b2e158818a13392ee82c831c3d64820b4d6925411939429762b563f961124,2024-11-05 23:38:47
0x52ac3ff8f5044db1e5570d2b8b05c331edf216494bbae599551e473bf1702fbf-145,0x75e46bdc52d4a2064dc8850ee0f52ee93bfe337c,886,0.00125,0x0000000000000000000000000000000000000000,1730849903,0x52ac3ff8f5044db1e5570d2b8b05c331edf216494bbae599551e473bf1702fbf,2024-11-05 23:38:23
0xaacf2260a1987f2b0db625915dfca08d84fe36281d89815a0a45e3aecb8487bd-236,0x75e46bdc52d4a2064dc8850ee0f52ee93bfe337c,4166,0.00125,0x0000000000000000000000000000000000000000,1730849879,0xaacf2260a1987f2b0db625915dfca08d84fe36281d89815a0a45e3aecb8487bd,2024-11-05 23:37:59
0x28ac55106d2128ac0c4403710d133b301d89567aaeebca7bbdd61b2e9876251e-395,0x75e46bdc52d4a2064dc8850ee0f52ee93bfe337c,7131,0.00125,0x0000000000000000000000000000000000000000,1730849855,0x28ac55106d2128ac0c4403710d133b301d89567aaeebca7bbdd61b2e9876251e,2024-11-05 23:37:35
0xe336f14b687768aab2b9a024adbc5c365f7dd4af6b025dce5ffb3a56f1850bb9-197,0x75e46bdc52d4a2064dc8850ee0f52ee93bfe337c,4694,0.00125,0x0000000000000000000000000000000000000000,1730849819,0xe336f14b687768aab2b9a024adbc5c365f7dd4af6b025dce5ffb3a56f1850bb9,2024-11-05 23:36:59
0x341358decb2c5360eb8dd740cfc63e525fb07afe292ade670802225371ebffdc-171,0x75e46bdc52d4a2064dc8850ee0f52ee93bfe337c,166,0.0015,0x0000000000000000000000000000000000000000,1730788583,0x341358decb2c5360eb8dd740cfc63e525fb07afe292ade670802225371ebffdc,2024-11-05 06:36:23
0x23ee1f76f26694a75828073d2f425a3672121df9604c71d51180d4e01cf9b546-155,0x75e46bdc52d4a2064dc8850ee0f52ee93bfe337c,9054,0.001375,0x0000000000000000000000000000000000000000,1729131995,0x23ee1f76f26694a75828073d2f425a3672121df9604c71d51180d4e01cf9b546,2024-10-17 02:26:35
0x54ba909ddc4259115694fffe5854c79bbd550b92db80f213c5fa4a3d4dfbff49-188,0x3d049adb773faddef681fbe565466c4f9736a009,9934,0.00035,0x0000000000000000000000000000000000000000,1728874043,0x54ba909ddc4259115694fffe5854c79bbd550b92db80f213c5fa4a3d4dfbff49,2024-10-14 02:47:23
0xe4bd20622473fb1b705e27e362b964f05d6b315c6082505dc631b860878a156b-244,0x3d049adb773faddef681fbe565466c4f9736a009,7019,0.000325,0x0000000000000000000000000000000000000000,1728873983,0xe4bd20622473fb1b705e27e362b964f05d6b315c6082505dc631b860878a156b,2024-10-14 02:46:23
0x002c50c7c2dd8df418b17256d5b3eaff2b3ff97b38703bd3658e2669dd76a9e5-192,0x3d049adb773faddef681fbe565466c4f9736a009,7021,0.000325,0x0000000000000000000000000000000000000000,1728873947,0x002c50c7c2dd8df418b17256d5b3eaff2b3ff97b38703bd3658e2669dd76a9e5,2024-10-14 02:45:47
0x9dd11021805e01394191917bb78d77ba6ebf620f9666bb453b9683b938f31243-316,0x3d049adb773faddef681fbe565466c4f9736a009,7051,0.0003,0x0000000000000000000000000000000000000000,1728705851,0x9dd11021805e01394191917bb78d77ba6ebf620f9666bb453b9683b938f31243,2024-10-12 04:04:11
0x7f39da6364922e91ef3e6a6b96c8785c3172d6892dd2f45664e7e8e6361fafb0-134,0x3d049adb773faddef681fbe565466c4f9736a009,7044,0.0003,0x0000000000000000000000000000000000000000,1728705827,0x7f39da6364922e91ef3e6a6b96c8785c3172d6892dd2f45664e7e8e6361fafb0,2024-10-12 04:03:47
0x5ad8d090d0fd561aea0fd633027ca0552d5f74b445c4049379c46136e511e880-221,0x3d049adb773faddef681fbe565466c4f9736a009,7232,0.0003,0x0000000000000000000000000000000000000000,1728705779,0x5ad8d090d0fd561aea0fd633027ca0552d5f74b445c4049379c46136e511e880,2024-10-12 04:02:59
0x4e4def9c209a44b36879105b8014d42a6b24c52e6ac1f30a101f99fd8eec37a6-393,0x3d049adb773faddef681fbe565466c4f9736a009,6961,0.000325,0x0000000000000000000000000000000000000000,1728705743,0x4e4def9c209a44b36879105b8014d42a6b24c52e6ac1f30a101f99fd8eec37a6,2024-10-12 04:02:23
0xff3146910ab12fdab76723b889daded0eb82f436ae824c00dc13a79b5ea64547-310,0x75e46bdc52d4a2064dc8850ee0f52ee93bfe337c,5775,0.001,0x0000000000000000000000000000000000000000,1728179195,0xff3146910ab12fdab76723b889daded0eb82f436ae824c00dc13a79b5ea64547,2024-10-06 01:46:35
0x3262f6163f9cce618b6aa2b7fdef4dc4dc516288aa9eae0718b22a56b8ba1be6-117,0x75e46bdc52d4a2064dc8850ee0f52ee93bfe337c,8609,0.001,0x0000000000000000000000000000000000000000,1728175835,0x3262f6163f9cce618b6aa2b7fdef4dc4dc516288aa9eae0718b22a56b8ba1be6,2024-10-06 00:50:35
0x217861e62362fe7a4fcf4333137de7dbb24126a750dc9be8f0101414feb763ec-270,0x75e46bdc52d4a2064dc8850ee0f52ee93bfe337c,6041,0.001,0x0000000000000000000000000000000000000000,1728175811,0x217861e62362fe7a4fcf4333137de7dbb24126a750dc9be8f0101414feb763ec,2024-10-06 00:50:11
0x7a560a7c5e7b7e9a5b79f8d39647672f34e096c249983e23800219fe9e96f7c3-134,0x75e46bdc52d4a2064dc8850ee0f52ee93bfe337c,9054,0.001,0x0000000000000000000000000000000000000000,1728173123,0x7a560a7c5e7b7e9a5b79f8d39647672f34e096c249983e23800219fe9e96f7c3,2024-10-06 00:05:23
0x2bf1cc58a4e5b24f33b622ce57870f655cd858bfb3924f82ad2f26cc2dedf4dd-707,0x3d049adb773faddef681fbe565466c4f9736a009,7057,0.0003,0x0000000000000000000000000000000000000000,1728138815,0x2bf1cc58a4e5b24f33b622ce57870f655cd858bfb3924f82ad2f26cc2dedf4dd,2024-10-05 14:33:35
0xbd15e0f47b9a6a379cc353905d4b14392fa4450d10d5b0b186e06327c13ec280-262,0x3d049adb773faddef681fbe565466c4f9736a009,7026,0.000275,0x0000000000000000000000000000000000000000,1728138779,0xbd15e0f47b9a6a379cc353905d4b14392fa4450d10d5b0b186e06327c13ec280,2024-10-05 14:32:59
0xa7885c7a7599fbf05eb6285064197ecd0378aead63ef24eb03440a80230faef0-216,0x3d049adb773faddef681fbe565466c4f9736a009,7028,0.0003,0x0000000000000000000000000000000000000000,1728138731,0xa7885c7a7599fbf05eb6285064197ecd0378aead63ef24eb03440a80230faef0,2024-10-05 14:32:11
0x554d90f9939ffac464dd541c1de59b58cf1a369f4316cf31e3fe2769f39d006c-240,0x75e46bdc52d4a2064dc8850ee0f52ee93bfe337c,4718,0.001,0x0000000000000000000000000000000000000000,1728120431,0x554d90f9939ffac464dd541c1de59b58cf1a369f4316cf31e3fe2769f39d006c,2024-10-05 09:27:11
0xd4dc1756f8a5f8d0cfad70754c314be9fb90ebc7b8ae34852807304edafdeaea-157,0x75e46bdc52d4a2064dc8850ee0f52ee93bfe337c,1356,0.001,0x0000000000000000000000000000000000000000,1728120383,0xd4dc1756f8a5f8d0cfad70754c314be9fb90ebc7b8ae34852807304edafdeaea,2024-10-05 09:26:23
0x8026084ee3e889975b8eb2c4d4627e35c33f91b2ca631bb8f5356ca117e526cd-99,0x75e46bdc52d4a2064dc8850ee0f52ee93bfe337c,2735,0.001,0x0000000000000000000000000000000000000000,1728120359,0x8026084ee3e889975b8eb2c4d4627e35c33f91b2ca631bb8f5356ca117e526cd,2024-10-05 09:25:59
0x5566a99e13d7b60d0995ffa7e1d23d6cbc56e880e7c6a0c9f34b08c7fb8be671-134,0x75e46bdc52d4a2064dc8850ee0f52ee93bfe337c,3917,0.001,0x0000000000000000000000000000000000000000,1728120335,0x5566a99e13d7b60d0995ffa7e1d23d6cbc56e880e7c6a0c9f34b08c7fb8be671,2024-10-05 09:25:35
0xfd7285e93a9d7b30efca6be27e1ac24780411e5fcde52260b49c0f54895a20b1-143,0x75e46bdc52d4a2064dc8850ee0f52ee93bfe337c,5132,0.001,0x0000000000000000000000000000000000000000,1728120287,0xfd7285e93a9d7b30efca6be27e1ac24780411e5fcde52260b49c0f54895a20b1,2024-10-05 09:24:47
0xe7a23625cff0ea88499a8f4c3fd84d997265ad1c6f0d6c232ef2f792d050eae1-32,0x3d049adb773faddef681fbe565466c4f9736a009,6968,0.000325,0x0000000000000000000000000000000000000000,1728020615,0xe7a23625cff0ea88499a8f4c3fd84d997265ad1c6f0d6c232ef2f792d050eae1,2024-10-04 05:43:35
0xccf8b77a362ba08ce182f3add6ec6b3719e88a3c555baaeb265dc071faa0665d-61,0x3d049adb773faddef681fbe565466c4f9736a009,7683,0.000275,0x0000000000000000000000000000000000000000,1728020351,0xccf8b77a362ba08ce182f3add6ec6b3719e88a3c555baaeb265dc071faa0665d,2024-10-04 05:39:11
0x7a5614ea3d78375d1cf1f7a622b20387e40fe4a92412c76740616ce934453a75-194,0x3d049adb773faddef681fbe565466c4f9736a009,7684,0.000275,0x0000000000000000000000000000000000000000,1728020315,0x7a5614ea3d78375d1cf1f7a622b20387e40fe4a92412c76740616ce934453a75,2024-10-04 05:38:35
0x677d403f8c98901945a2444add661e4135bd6490df5c0d87d55cc69365f27e03-173,0x3d049adb773faddef681fbe565466c4f9736a009,7681,0.000275,0x0000000000000000000000000000000000000000,1727831135,0x677d403f8c98901945a2444add661e4135bd6490df5c0d87d55cc69365f27e03,2024-10-02 01:05:35
0xc25c1acb9da8545cc2b8f55962cc1793d5e08c49b7433ab364646d49cf93f643-77,0x3d049adb773faddef681fbe565466c4f9736a009,6955,0.000325,0x0000000000000000000000000000000000000000,1725731387,0xc25c1acb9da8545cc2b8f55962cc1793d5e08c49b7433ab364646d49cf93f643,2024-09-07 17:49:47
0x24b91c4ff649d15ccfd8d6bba4e55582a9aa0f0a6babaa11708e637631523750-74,0x3d049adb773faddef681fbe565466c4f9736a009,6537,0.000325,0x0000000000000000000000000000000000000000,1725718859,0x24b91c4ff649d15ccfd8d6bba4e55582a9aa0f0a6babaa11708e637631523750,2024-09-07 14:20:59
0xc201dd5072a67f9456cf11a1eb2d40b7edd9111bd76992a551d181729b167cd9-231,0x3d049adb773faddef681fbe565466c4f9736a009,7034,0.000325,0x0000000000000000000000000000000000000000,1725718811,0xc201dd5072a67f9456cf11a1eb2d40b7edd9111bd76992a551d181729b167cd9,2024-09-07 14:20:11
0x4b816c2f950673c30fb721a10e052d2af228064e8328f7bc666e1fefebe90f57-139,0x3d049adb773faddef681fbe565466c4f9736a009,7052,0.000325,0x0000000000000000000000000000000000000000,1725708875,0x4b816c2f950673c30fb721a10e052d2af228064e8328f7bc666e1fefebe90f57,2024-09-07 11:34:35
0x4b6272a6d84a4e8c57574e234a672eab01b641b64b16010237b8a1aa11c51fef-70,0x3d049adb773faddef681fbe565466c4f9736a009,7036,0.000325,0x0000000000000000000000000000000000000000,1725708863,0x4b6272a6d84a4e8c57574e234a672eab01b641b64b16010237b8a1aa11c51fef,2024-09-07 11:34:23
0x23b1067a2bb016fd72a5c73d109641f902e6a20670c4480a5f3473f5ffd21e07-260,0x3d049adb773faddef681fbe565466c4f9736a009,6540,0.0003,0x0000000000000000000000000000000000000000,1725701831,0x23b1067a2bb016fd72a5c73d109641f902e6a20670c4480a5f3473f5ffd21e07,2024-09-07 09:37:11
0x4d841aece607aa34892819c2d1a8ec4c4a45f1f50a565359ade4d002703a28e8-188,0x3d049adb773faddef681fbe565466c4f9736a009,7033,0.0003,0x0000000000000000000000000000000000000000,1725701759,0x4d841aece607aa34892819c2d1a8ec4c4a45f1f50a565359ade4d002703a28e8,2024-09-07 09:35:59
0xd10bf6ac1332b80dfd3d683a5739a56b5d2884f77984ede5064ef346c8825dd3-183,0x3d049adb773faddef681fbe565466c4f9736a009,6015,0.000275,0x0000000000000000000000000000000000000000,1725701735,0xd10bf6ac1332b80dfd3d683a5739a56b5d2884f77984ede5064ef346c8825dd3,2024-09-07 09:35:35
0xb06026fcbb0bffc78bf8f55c986499a556be1abdc0aecb3aa10ffacb142ca784-96,0x3d049adb773faddef681fbe565466c4f9736a009,852,0.000275,0x0000000000000000000000000000000000000000,1725701711,0xb06026fcbb0bffc78bf8f55c986499a556be1abdc0aecb3aa10ffacb142ca784,2024-09-07 09:35:11
0x1ac37228a4349de04663b94f0478d00e39559f49e6da98db2046b614bcd5ac7f-38,0x3d049adb773faddef681fbe565466c4f9736a009,7039,0.0003,0x0000000000000000000000000000000000000000,1725546011,0x1ac37228a4349de04663b94f0478d00e39559f49e6da98db2046b614bcd5ac7f,2024-09-05 14:20:11
0xfa0605fdb49d5bf83cbc03d6df5dece5066189c5119ad51561aae0b1c5836b28-194,0x3d049adb773faddef681fbe565466c4f9736a009,7038,0.0003,0x0000000000000000000000000000000000000000,1725536507,0xfa0605fdb49d5bf83cbc03d6df5dece5066189c5119ad51561aae0b1c5836b28,2024-09-05 11:41:47
0xf22ce59aa1afc4cadc5b15b401b06c5aff084f390855b2c97ed6ae213507c758-97,0x3d049adb773faddef681fbe565466c4f9736a009,7061,0.0003,0x0000000000000000000000000000000000000000,1725536483,0xf22ce59aa1afc4cadc5b15b401b06c5aff084f390855b2c97ed6ae213507c758,2024-09-05 11:41:23
0x916546d050ba7d133bf805023054cbf3d9693ec3f33b76f5281ddd25f57fa1cf-17,0x3d049adb773faddef681fbe565466c4f9736a009,7066,0.0003,0x0000000000000000000000000000000000000000,1725530735,0x916546d050ba7d133bf805023054cbf3d9693ec3f33b76f5281ddd25f57fa1cf,2024-09-05 10:05:35
0x4dd3289f9d86c1a279e8877f09184ff2677a630b2afc5472c1592010d4f2b5d5-225,0x3d049adb773faddef681fbe565466c4f9736a009,7059,0.0003,0x0000000000000000000000000000000000000000,1725530711,0x4dd3289f9d86c1a279e8877f09184ff2677a630b2afc5472c1592010d4f2b5d5,2024-09-05 10:05:11
0xab3f11fc83b4cce3e8cb219249307685916ec01998b9c175169db2a8607a9062-201,0x3d049adb773faddef681fbe565466c4f9736a009,7056,0.000275,0x0000000000000000000000000000000000000000,1725530687,0xab3f11fc83b4cce3e8cb219249307685916ec01998b9c175169db2a8607a9062,2024-09-05 10:04:47
0xba0cfed21a80ea8967e0467e4db102b042c71ca416dc6c3a706bd9ed92f19cec-193,0x75e46bdc52d4a2064dc8850ee0f52ee93bfe337c,1189,0.001125,0x0000000000000000000000000000000000000000,1725075347,0xba0cfed21a80ea8967e0467e4db102b042c71ca416dc6c3a706bd9ed92f19cec,2024-08-31 03:35:47
0x4beb265dfb1cdb5a6dcaf81b223defd4d7de65e5dbde446f1f5e322f515598f3-51,0xfd2b5dc2ca033fa42af1c161966b9a9711494641,2420,0.0067,0x0000000000000000000000000000000000000000,1724825315,0x4beb265dfb1cdb5a6dcaf81b223defd4d7de65e5dbde446f1f5e322f515598f3,2024-08-28 06:08:35
0x231084c843d64c637f5ec91bd7dabcbac58dfeb2625c47922eb1ce98a7c6f205-11,0x75e46bdc52d4a2064dc8850ee0f52ee93bfe337c,432,0.001175,0x0000000000000000000000000000000000000000,1723430675,0x231084c843d64c637f5ec91bd7dabcbac58dfeb2625c47922eb1ce98a7c6f205,2024-08-12 02:44:35
0x8138d1850dfbdf063494f9beb5c8387f5bf9ecc4f809f96e54bc33d33cf964f2-123,0x3d049adb773faddef681fbe565466c4f9736a009,7998,0.000225,0x0000000000000000000000000000000000000000,1722943523,0x8138d1850dfbdf063494f9beb5c8387f5bf9ecc4f809f96e54bc33d33cf964f2,2024-08-06 11:25:23
0xcd6acbf914c04a3462c30b002c6599052a361732726132b778bbc0178caabebe-94,0x3d049adb773faddef681fbe565466c4f9736a009,2291,0.0003,0x0000000000000000000000000000000000000000,1722941963,0xcd6acbf914c04a3462c30b002c6599052a361732726132b778bbc0178caabebe,2024-08-06 10:59:23
0xcd68247047f22f280f3710a746859ab113c920e9d81cf7e8a32a0a197323a4c5-157,0x3d049adb773faddef681fbe565466c4f9736a009,6055,0.000225,0x0000000000000000000000000000000000000000,1722941819,0xcd68247047f22f280f3710a746859ab113c920e9d81cf7e8a32a0a197323a4c5,2024-08-06 10:56:59
0xbbe56351d1bc0669291ba63e0d6ea3f36497ddcd06a8268bc43355a1eee0d6a8-128,0x3d049adb773faddef681fbe565466c4f9736a009,4708,0.00025,0x0000000000000000000000000000000000000000,1722941747,0xbbe56351d1bc0669291ba63e0d6ea3f36497ddcd06a8268bc43355a1eee0d6a8,2024-08-06 10:55:47
0x70c36c4143b125ae8af1a9deb216408b29092b7718342dc18b184a27c9ee5b30-50,0x3d049adb773faddef681fbe565466c4f9736a009,6054,0.000225,0x0000000000000000000000000000000000000000,1722941675,0x70c36c4143b125ae8af1a9deb216408b29092b7718342dc18b184a27c9ee5b30,2024-08-06 10:54:35
0xe8a81a83f34c953dd3a2ec136a935c9b1c969277eb0bb3315a735e45ffd3950b-337,0x3d049adb773faddef681fbe565466c4f9736a009,9454,0.000325,0x0000000000000000000000000000000000000000,1720178351,0xe8a81a83f34c953dd3a2ec136a935c9b1c969277eb0bb3315a735e45ffd3950b,2024-07-05 11:19:11
0x7a3c9589c845ac667eb8200162c386e4adba4cab43c537677afc4c4b600f69d2-275,0x3d049adb773faddef681fbe565466c4f9736a009,7775,0.000275,0x0000000000000000000000000000000000000000,1720176923,0x7a3c9589c845ac667eb8200162c386e4adba4cab43c537677afc4c4b600f69d2,2024-07-05 10:55:23
0x473ea5b9af8052e3f2f131da0c6846005a9549d5e370ee265335408b4ee77b39-337,0x3d049adb773faddef681fbe565466c4f9736a009,3346,0.000275,0x0000000000000000000000000000000000000000,1720176887,0x473ea5b9af8052e3f2f131da0c6846005a9549d5e370ee265335408b4ee77b39,2024-07-05 10:54:47
0xaa42ef295bdbb34effeaebd8ed5793dd343c786a8e207f45f4b11ec530346ac5-95,0x3d049adb773faddef681fbe565466c4f9736a009,4869,0.000275,0x0000000000000000000000000000000000000000,1720176839,0xaa42ef295bdbb34effeaebd8ed5793dd343c786a8e207f45f4b11ec530346ac5,2024-07-05 10:53:59
0x0202385e6b0b38d8af6a3ee033f4df4d0c698d0be4cbf3087cb393b5a95f18a1-209,0x3d049adb773faddef681fbe565466c4f9736a009,7912,0.000275,0x0000000000000000000000000000000000000000,1720176791,0x0202385e6b0b38d8af6a3ee033f4df4d0c698d0be4cbf3087cb393b5a95f18a1,2024-07-05 10:53:11
0x0d9473cdeb6f78a80962d27e19946453d9a02ed0bdd4f1bb8bee0148a3cb1e10-280,0x75e46bdc52d4a2064dc8850ee0f52ee93bfe337c,5917,0.00145,0x0000000000000000000000000000000000000000,1719679163,0x0d9473cdeb6f78a80962d27e19946453d9a02ed0bdd4f1bb8bee0148a3cb1e10,2024-06-29 16:39:23
0x5744977d5bc4f8b18410beb5b0b18b4f0f645c677bb2092f142902ea7436d3bd-135,0x75e46bdc52d4a2064dc8850ee0f52ee93bfe337c,4503,0.001425,0x0000000000000000000000000000000000000000,1719465647,0x5744977d5bc4f8b18410beb5b0b18b4f0f645c677bb2092f142902ea7436d3bd,2024-06-27 05:20:47
0x241f94b8875d8f452b8f6a224bc3fbfe8a645f8d8e2b325483c458d6f3b55e86-150,0x75e46bdc52d4a2064dc8850ee0f52ee93bfe337c,6094,0.001475,0x0000000000000000000000000000000000000000,1719008975,0x241f94b8875d8f452b8f6a224bc3fbfe8a645f8d8e2b325483c458d6f3b55e86,2024-06-21 22:29:35
0x65ca85788735351d34b04fbf070c440afa26c5f5aa04a095f209d626977cb3c1-240,0x3d049adb773faddef681fbe565466c4f9736a009,5293,0.000225,0x0000000000000000000000000000000000000000,1718841911,0x65ca85788735351d34b04fbf070c440afa26c5f5aa04a095f209d626977cb3c1,2024-06-20 00:05:11
0x9032b00e9fb13f48a7912659621a534d4da38694d3831c88e9a6d3366d972267-343,0x75e46bdc52d4a2064dc8850ee0f52ee93bfe337c,5855,0.00145,0x0000000000000000000000000000000000000000,1718841875,0x9032b00e9fb13f48a7912659621a534d4da38694d3831c88e9a6d3366d972267,2024-06-20 00:04:35
0x18a8447141e5238039ef029466f25598ffd91a9009877cb52d0cb8b68f60c50f-132,0x3d049adb773faddef681fbe565466c4f9736a009,7022,0.000325,0x0000000000000000000000000000000000000000,1718697143,0x18a8447141e5238039ef029466f25598ffd91a9009877cb52d0cb8b68f60c50f,2024-06-18 07:52:23
